node_id,name,type,status,description,start_date,end_date
1,Feature 1,Feature,Done,Description of Feature 1,2024-01-01,2024-01-16
2,Feature 2,Feature,In Review,Description of Feature 2,2024-01-02,2024-01-17
3,Feature 3,Feature,In Review,Description of Feature 3,2024-01-03,2024-01-18
4,Feature 4,Feature,Backlog,Description of Feature 4,2024-01-04,2024-01-19
5,Feature 5,Feature,In Progress,Description of Feature 5,2024-01-05,2024-01-20
6,Feature 6,Feature,In Progress,Description of Feature 6,2024-01-06,2024-01-21
7,Feature 7,Feature,In Review,Description of Feature 7,2024-01-07,2024-01-22
8,Feature 8,Feature,In Review,Description of Feature 8,2024-01-08,2024-01-23
9,Feature 9,Feature,Done,Description of Feature 9,2024-01-09,2024-01-24
10,Feature 10,Feature,Done,Description of Feature 10,2024-01-10,2024-01-25
11,Feature 11,Feature,Done,Description of Feature 11,2024-01-11,2024-01-26
12,Feature 12,Feature,To Do,Description of Feature 12,2024-01-12,2024-01-27
13,Feature 13,Feature,In Review,Description of Feature 13,2024-01-13,2024-01-28
14,Feature 14,Feature,To Do,Description of Feature 14,2024-01-14,2024-01-29
15,Feature 15,Feature,In Progress,Description of Feature 15,2024-01-15,2024-01-30
16,User Story 16,User Story,In Review,Description of User Story 16,2024-01-16,2024-01-31
17,User Story 17,User Story,In Review,Description of User Story 17,2024-01-17,2024-02-01
18,User Story 18,User Story,Backlog,Description of User Story 18,2024-01-18,2024-02-02
19,User Story 19,User Story,In Review,Description of User Story 19,2024-01-19,2024-02-03
20,User Story 20,User Story,In Progress,Description of User Story 20,2024-01-20,2024-02-04
21,User Story 21,User Story,In Review,Description of User Story 21,2024-01-21,2024-02-05
22,User Story 22,User Story,To Do,Description of User Story 22,2024-01-22,2024-02-06
23,User Story 23,User Story,In Review,Description of User Story 23,2024-01-23,2024-02-07
24,User Story 24,User Story,To Do,Description of User Story 24,2024-01-24,2024-02-08
25,User Story 25,User Story,Done,Description of User Story 25,2024-01-25,2024-02-09
26,User Story 26,User Story,Done,Description of User Story 26,2024-01-26,2024-02-10
27,User Story 27,User Story,Backlog,Description of User Story 27,2024-01-27,2024-02-11
28,User Story 28,User Story,In Review,Description of User Story 28,2024-01-28,2024-02-12
29,User Story 29,User Story,Done,Description of User Story 29,2024-01-29,2024-02-13
30,User Story 30,User Story,Done,Description of User Story 30,2024-01-30,2024-02-14
31,User Story 31,User Story,Backlog,Description of User Story 31,2024-01-31,2024-02-15
32,User Story 32,User Story,Backlog,Description of User Story 32,2024-02-01,2024-02-16
33,User Story 33,User Story,In Review,Description of User Story 33,2024-02-02,2024-02-17
34,User Story 34,User Story,To Do,Description of User Story 34,2024-02-03,2024-02-18
35,User Story 35,User Story,In Review,Description of User Story 35,2024-02-04,2024-02-19
36,User Story 36,User Story,To Do,Description of User Story 36,2024-02-05,2024-02-20
37,User Story 37,User Story,Backlog,Description of User Story 37,2024-02-06,2024-02-21
38,User Story 38,User Story,In Progress,Description of User Story 38,2024-02-07,2024-02-22
39,User Story 39,User Story,In Review,Description of User Story 39,2024-02-08,2024-02-23
40,User Story 40,User Story,In Progress,Description of User Story 40,2024-02-09,2024-02-24
41,User Story 41,User Story,To Do,Description of User Story 41,2024-02-10,2024-02-25
42,User Story 42,User Story,In Review,Description of User Story 42,2024-02-11,2024-02-26
43,User Story 43,User Story,In Progress,Description of User Story 43,2024-02-12,2024-02-27
44,User Story 44,User Story,In Progress,Description of User Story 44,2024-02-13,2024-02-28
45,User Story 45,User Story,In Review,Description of User Story 45,2024-02-14,2024-02-29
46,Task 46,Task,In Progress,Description of Task 46,2024-02-15,2024-03-01
47,Task 47,Task,In Review,Description of Task 47,2024-02-16,2024-03-02
48,Task 48,Task,In Progress,Description of Task 48,2024-02-17,2024-03-03
49,Task 49,Task,Backlog,Description of Task 49,2024-02-18,2024-03-04
50,Task 50,Task,In Review,Description of Task 50,2024-02-19,2024-03-05
51,Task 51,Task,Backlog,Description of Task 51,2024-02-20,2024-03-06
52,Task 52,Task,Done,Description of Task 52,2024-02-21,2024-03-07
53,Task 53,Task,Backlog,Description of Task 53,2024-02-22,2024-03-08
54,Task 54,Task,In Progress,Description of Task 54,2024-02-23,2024-03-09
55,Task 55,Task,To Do,Description of Task 55,2024-02-24,2024-03-10
56,Task 56,Task,Backlog,Description of Task 56,2024-02-25,2024-03-11
57,Task 57,Task,Backlog,Description of Task 57,2024-02-26,2024-03-12
58,Task 58,Task,Backlog,Description of Task 58,2024-02-27,2024-03-13
59,Task 59,Task,To Do,Description of Task 59,2024-02-28,2024-03-14
60,Task 60,Task,To Do,Description of Task 60,2024-02-29,2024-03-15
61,Task 61,Task,Backlog,Description of Task 61,2024-03-01,2024-03-16
62,Task 62,Task,Done,Description of Task 62,2024-03-02,2024-03-17
63,Task 63,Task,To Do,Description of Task 63,2024-03-03,2024-03-18
64,Task 64,Task,To Do,Description of Task 64,2024-03-04,2024-03-19
65,Task 65,Task,To Do,Description of Task 65,2024-03-05,2024-03-20
66,Task 66,Task,In Review,Description of Task 66,2024-03-06,2024-03-21
67,Task 67,Task,Backlog,Description of Task 67,2024-03-07,2024-03-22
68,Task 68,Task,Done,Description of Task 68,2024-03-08,2024-03-23
69,Task 69,Task,To Do,Description of Task 69,2024-03-09,2024-03-24
70,Task 70,Task,In Review,Description of Task 70,2024-03-10,2024-03-25
71,Task 71,Task,In Progress,Description of Task 71,2024-03-11,2024-03-26
72,Task 72,Task,In Progress,Description of Task 72,2024-03-12,2024-03-27
73,Task 73,Task,To Do,Description of Task 73,2024-03-13,2024-03-28
74,Task 74,Task,Done,Description of Task 74,2024-03-14,2024-03-29
75,Task 75,Task,Done,Description of Task 75,2024-03-15,2024-03-30
76,Task 76,Task,Backlog,Description of Task 76,2024-03-16,2024-03-31
77,Task 77,Task,To Do,Description of Task 77,2024-03-17,2024-04-01
78,Task 78,Task,In Progress,Description of Task 78,2024-03-18,2024-04-02
79,Task 79,Task,Backlog,Description of Task 79,2024-03-19,2024-04-03
80,Task 80,Task,Done,Description of Task 80,2024-03-20,2024-04-04
81,Task 81,Task,Backlog,Description of Task 81,2024-03-21,2024-04-05
82,Task 82,Task,In Progress,Description of Task 82,2024-03-22,2024-04-06
83,Task 83,Task,Done,Description of Task 83,2024-03-23,2024-04-07
84,Task 84,Task,In Review,Description of Task 84,2024-03-24,2024-04-08
85,Task 85,Task,In Review,Description of Task 85,2024-03-25,2024-04-09
86,Task 86,Task,To Do,Description of Task 86,2024-03-26,2024-04-10
87,Task 87,Task,Backlog,Description of Task 87,2024-03-27,2024-04-11
88,Task 88,Task,Done,Description of Task 88,2024-03-28,2024-04-12
89,Task 89,Task,To Do,Description of Task 89,2024-03-29,2024-04-13
90,Task 90,Task,Backlog,Description of Task 90,2024-03-30,2024-04-14
91,Task 91,Task,In Progress,Description of Task 91,2024-03-31,2024-04-15
92,Task 92,Task,Done,Description of Task 92,2024-04-01,2024-04-16
93,Task 93,Task,Backlog,Description of Task 93,2024-04-02,2024-04-17
94,Task 94,Task,Done,Description of Task 94,2024-04-03,2024-04-18
95,Task 95,Task,Backlog,Description of Task 95,2024-04-04,2024-04-19
96,Task 96,Task,In Progress,Description of Task 96,2024-04-05,2024-04-20
97,Task 97,Task,Done,Description of Task 97,2024-04-06,2024-04-21
98,Task 98,Task,In Review,Description of Task 98,2024-04-07,2024-04-22
99,Task 99,Task,In Progress,Description of Task 99,2024-04-08,2024-04-23
100,Task 100,Task,Backlog,Description of Task 100,2024-04-09,2024-04-24
101,Task 101,Task,Done,Description of Task 101,2024-04-10,2024-04-25
102,Task 102,Task,In Progress,Description of Task 102,2024-04-11,2024-04-26
103,Task 103,Task,Backlog,Description of Task 103,2024-04-12,2024-04-27
104,Task 104,Task,In Review,Description of Task 104,2024-04-13,2024-04-28
105,Task 105,Task,In Review,Description of Task 105,2024-04-14,2024-04-29
